antecedents,consequents,antecedent support,consequent support,support,confidence,lift,representativity,leverage,conviction,zhangs_metric,jaccard,certainty,kulczynski
"frozenset({'gender_Masculin', 'clicks_cat_Clicks_Faible'})","frozenset({'at_risk_À_Risque', 'disability_Non_Handicapé', 'score_cat_Score_Faible'})",0.1638081796704814,0.3653852054122051,0.12913815850029148,0.7883498782543548,2.1575856563896365,1.0,0.06928507312319324,2.9984145029241036,0.6416218950111324,0.32280082828437767,0.6664904071719292,0.570890028555341
"frozenset({'disability_Non_Handicapé', 'gender_Masculin', 'clicks_cat_Clicks_Faible'})","frozenset({'at_risk_À_Risque', 'score_cat_Score_Faible'})",0.14638112478139478,0.4129107477065628,0.12913815850029148,0.8822049884720184,2.136551284683348,1.0,0.06869581881667809,4.983990787708166,0.6231774154533866,0.30021398002853067,0.799357574563287,0.5974778843385504
"frozenset({'gender_Masculin', 'clicks_cat_Clicks_Faible'})","frozenset({'at_risk_À_Risque', 'score_cat_Score_Faible'})",0.1638081796704814,0.4129107477065628,0.1442947872242506,0.8808765686458138,2.133334076524967,1.0,0.07665662927606115,4.928411191815503,0.6353209280252657,0.3336880942244927,0.7970948524626604,0.615167070175188
"frozenset({'disability_Non_Handicapé', 'highest_education_Inférieur_A_Level', 'clicks_cat_Clicks_Faible'})","frozenset({'at_risk_À_Risque', 'score_cat_Score_Faible'})",0.13809713742214585,0.4129107477065628,0.11695762893872917,0.8469229060208843,2.051104047848022,1.0,0.059935836669614974,3.8352521401636595,0.5945654840585998,0.269456421856224,0.7392609498792099,0.565087251791836
"frozenset({'highest_education_Inférieur_A_Level', 'clicks_cat_Clicks_Faible'})","frozenset({'at_risk_À_Risque', 'score_cat_Score_Faible'})",0.15816279569232658,0.4129107477065628,0.13370969226521032,0.8453928225024248,2.0473984443321096,1.0,0.06840257403653142,3.7972962303295703,0.6076890914243104,0.30571729217818305,0.7366547302754916,0.5846075421770558
"frozenset({'imd_band_cat_IMD_Faible', 'clicks_cat_Clicks_Faible'})","frozenset({'at_risk_À_Risque', 'score_cat_Score_Faible'})",0.16709109317951706,0.4129107477065628,0.14079710367256773,0.8426367976496512,2.0407238182341416,1.0,0.07180339545270639,3.7307912111902684,0.612285189382748,0.3205728257073,0.7319603420849271,0.591811785657936
"frozenset({'disability_Non_Handicapé', 'imd_band_cat_IMD_Faible', 'clicks_cat_Clicks_Faible'})","frozenset({'at_risk_À_Risque', 'score_cat_Score_Faible'})",0.14506182309084772,0.4129107477065628,0.12220415426625349,0.8424280879864636,2.0402183587266167,1.0,0.06230656843013442,3.725849644085062,0.596366380191356,0.2804337111877772,0.7316048430490101,0.5691929413033819
"frozenset({'highest_education_Inférieur_A_Level', 'clicks_cat_Clicks_Faible'})","frozenset({'at_risk_À_Risque', 'disability_Non_Handicapé', 'score_cat_Score_Faible'})",0.15816279569232658,0.3653852054122051,0.11695762893872917,0.7394762366634335,2.02382643224211,1.0,0.0591672833461198,2.435919036560002,0.6009314847929209,0.28765469363115,0.589477324577997,0.5297851415914363
frozenset({'clicks_cat_Clicks_Faible'}),"frozenset({'at_risk_À_Risque', 'score_cat_Score_Faible', 'disability_Non_Handicapé'})",0.3338753720123953,0.3653852054122051,0.24471512287914582,0.7329535011946333,2.0059747639966985,1.0,0.12272200149432037,2.376420576291942,0.7528459705494817,0.5383732703341209,0.5791990651922589,0.701349535885754
"frozenset({'imd_band_cat_IMD_Faible', 'clicks_cat_Clicks_Faible'})","frozenset({'at_risk_À_Risque', 'disability_Non_Handicapé', 'score_cat_Score_Faible'})",0.16709109317951706,0.3653852054122051,0.12220415426625349,0.731362467866324,2.0016203640244434,1.0,0.061151540862305745,2.3623459817670076,0.6007917060036929,0.2978612025127131,0.5766919800409542,0.5329077013107756
"frozenset({'disability_Non_Handicapé', 'clicks_cat_Clicks_Faible'})","frozenset({'at_risk_À_Risque', 'score_cat_Score_Faible'})",0.29622925167980857,0.4129107477065628,0.24471512287914582,0.8261004660797513,2.0006756197754,1.0,0.1223988810754805,3.376025450204367,0.7106985465070772,0.5269207901169319,0.7037937021655257,0.7093795538899277
frozenset({'clicks_cat_Clicks_Faible'}),"frozenset({'at_risk_À_Risque', 'score_cat_Score_Faible'})",0.3338753720123953,0.4129107477065628,0.27570337188966954,0.8257673221834221,1.9998688015993666,1.0,0.1378426423912246,3.369570276085011,0.7505610470498568,0.5852546567669662,0.7032262519949974,0.7467371311466968
"frozenset({'highest_education_A_Level', 'clicks_cat_Clicks_Faible'})","frozenset({'at_risk_À_Risque', 'score_cat_Score_Faible'})",0.1318994876200411,0.4129107477065628,0.10572822385174731,0.8015817632007444,1.9412954679745773,1.0,0.051265507796443614,2.9588472398704417,0.5585529044772858,0.24079379498288028,0.6620305413118297,0.5288188203728496
"frozenset({'score_cat_Score_Faible', 'gender_Masculin', 'clicks_cat_Clicks_Faible'})","frozenset({'at_risk_À_Risque', 'disability_Non_Handicapé'})",0.14699475347467247,0.46792256005890837,0.12913815850029148,0.878522229179712,1.8774949193924564,1.0,0.06035599713919462,4.380039544257339,0.5479161956946031,0.26583717551948466,0.7716915589698047,0.5772520660028782
"frozenset({'gender_Féminin', 'clicks_cat_Clicks_Faible'})","frozenset({'at_risk_À_Risque', 'score_cat_Score_Faible'})",0.17006719234191392,0.4129107477065628,0.13140858466541896,0.7726862709723976,1.8713154725667525,1.0,0.06118601311516346,2.5827267662400972,0.5610292248553473,0.2910042125288762,0.6128123140738623,0.5454678196889036
"frozenset({'disability_Non_Handicapé', 'gender_Féminin', 'clicks_cat_Clicks_Faible'})","frozenset({'at_risk_À_Risque', 'score_cat_Score_Faible'})",0.14984812689841376,0.4129107477065628,0.11557696437885435,0.7712940212940214,1.8679436793012363,1.0,0.05370306225880243,2.567004394092344,0.5465517021525707,0.25845626072041167,0.6104408694035034,0.5256009413945215
"frozenset({'gender_Féminin', 'clicks_cat_Clicks_Faible'})","frozenset({'at_risk_À_Risque', 'disability_Non_Handicapé', 'score_cat_Score_Faible'})",0.17006719234191392,0.3653852054122051,0.11557696437885435,0.6795958867039509,1.8599436338350719,1.0,0.053436928371127144,1.9806699360361186,0.5570924464669591,0.2752648885641213,0.49512032176280557,0.49795563921224917
"frozenset({'score_cat_Score_Faible', 'gender_Masculin', 'clicks_cat_Clicks_Faible'})",frozenset({'at_risk_À_Risque'}),0.14699475347467247,0.527966127696131,0.1442947872242506,0.981632227092465,1.8592712213868383,1.0,0.06668653644058037,25.699025934179907,0.5417960284538751,0.27191258094357074,0.9610880193451227,0.6274676709613882
"frozenset({'disability_Non_Handicapé', 'clicks_cat_Clicks_Faible', 'gender_Masculin', 'score_cat_Score_Faible'})",frozenset({'at_risk_À_Risque'}),0.13159267327340227,0.527966127696131,0.12913815850029148,0.981347633480998,1.8587321837544264,1.0,0.059661684358951125,25.306915978891254,0.5320071169064756,0.24346367422489587,0.9604851100452497,0.6129715852202758
"frozenset({'gender_Masculin', 'clicks_cat_Clicks_Faible'})","frozenset({'at_risk_À_Risque', 'disability_Non_Handicapé'})",0.1638081796704814,0.46792256005890837,0.14134936949651766,0.8628956733470687,1.8440993168579771,1.0,0.06469982670651638,3.8808216555266237,0.5473981519694242,0.28824375899393107,0.7423226087764393,0.5824871127865762
"frozenset({'score_cat_Score_Faible', 'highest_education_Inférieur_A_Level', 'clicks_cat_Clicks_Faible'})",frozenset({'at_risk_À_Risque'}),0.1378210045101709,0.527966127696131,0.13370969226521032,0.9701691896705253,1.8375595303888559,1.0,0.060944870198784376,15.823702644693858,0.5286604591687961,0.25129742820897244,0.9368036658388972,0.6117117449979776
"frozenset({'disability_Non_Handicapé', 'clicks_cat_Clicks_Faible', 'highest_education_Inférieur_A_Level', 'score_cat_Score_Faible'})",frozenset({'at_risk_À_Risque'}),0.1205780382290676,0.527966127696131,0.11695762893872917,0.969974554707379,1.8371908799150167,1.0,0.053296509009732304,15.721128119950837,0.5181707579986835,0.22001616068336602,0.9363913332192139,0.5957497134299331
"frozenset({'score_cat_Score_Faible', 'imd_band_cat_IMD_Faible', 'clicks_cat_Clicks_Faible'})",frozenset({'at_risk_À_Risque'}),0.1457368146534532,0.527966127696131,0.14079710367256773,0.9661052631578947,1.8298622060730627,1.0,0.06385300197721527,13.926465176666921,0.5308794423345977,0.26420634463699694,0.928194269880095,0.6163917761628618
"frozenset({'gender_Masculin', 'clicks_cat_Clicks_Faible'})",frozenset({'at_risk_À_Risque'}),0.1638081796704814,0.527966127696131,0.15825483999631823,0.9660985203221577,1.8298494347315253,1.0,0.07176966969074207,13.923695271990919,0.5423479855029728,0.29662430272011037,0.9281799852362747,0.632921412648294
"frozenset({'score_cat_Score_Faible', 'clicks_cat_Clicks_Faible'})","frozenset({'at_risk_À_Risque', 'disability_Non_Handicapé'})",0.28585892676341546,0.46792256005890837,0.24471512287914582,0.8560695502844263,1.8295111699180582,1.0,0.11095528205231647,3.69676771657804,0.6348968336957944,0.4807135969141754,0.7294934178537831,0.6895258249094416
"frozenset({'disability_Non_Handicapé', 'gender_Masculin', 'clicks_cat_Clicks_Faible'})",frozenset({'at_risk_À_Risque'}),0.14638112478139478,0.527966127696131,0.14134936949651766,0.965625654998952,1.8289537990109743,1.0,0.0640650938778805,13.732156126596102,0.5309621725148229,0.26519686852406177,0.9271782238141595,0.6166749846356917
"frozenset({'score_cat_Score_Faible', 'clicks_cat_Clicks_Faible'})",frozenset({'at_risk_À_Risque'}),0.28585892676341546,0.527966127696131,0.27570337188966954,0.9644735429859396,1.826771628692511,1.0,0.12477954125901716,13.286826550619738,0.6337490118003346,0.5123439192656366,0.9247374836880552,0.7433362601029186
"frozenset({'disability_Non_Handicapé', 'clicks_cat_Clicks_Faible', 'imd_band_cat_IMD_Faible', 'score_cat_Score_Faible'})",frozenset({'at_risk_À_Risque'}),0.12674500659650845,0.527966127696131,0.12220415426625349,0.9641733236504478,1.8262029949871599,1.0,0.05528708392867433,13.175485989778936,0.5180797727704842,0.2294883613735884,0.9241014714162527,0.5978177171483294
"frozenset({'disability_Non_Handicapé', 'score_cat_Score_Faible', 'clicks_cat_Clicks_Faible'})",frozenset({'at_risk_À_Risque'}),0.2538581904089835,0.527966127696131,0.24471512287914582,0.9639835629683347,1.8258435766984502,1.0,0.1106865971049677,13.106067984705447,0.6061956996446803,0.4556152176396664,0.9236994649221275,0.7137444546594347
"frozenset({'score_cat_Score_Faible', 'highest_education_Inférieur_A_Level', 'clicks_cat_Clicks_Faible'})","frozenset({'at_risk_À_Risque', 'disability_Non_Handicapé'})",0.1378210045101709,0.46792256005890837,0.11695762893872917,0.8486197684772929,1.8135901982807952,1.0,0.05246807167843964,3.5148409709049755,0.5203183106597237,0.23928190320758266,0.7154921066763007,0.5492852956870761
"frozenset({'score_cat_Score_Faible', 'highest_education_A_Level', 'clicks_cat_Clicks_Faible'})",frozenset({'at_risk_À_Risque'}),0.11066793483263278,0.527966127696131,0.10572822385174731,0.9553645688938175,1.809518677008147,1.0,0.0472993028380344,10.575317872050013,0.5030369094868742,0.1983994472911509,0.9054401946022875,0.5778101319596936
"frozenset({'score_cat_Score_Faible', 'gender_Féminin', 'clicks_cat_Clicks_Faible'})",frozenset({'at_risk_À_Risque'}),0.13886417328874298,0.527966127696131,0.13140858466541896,0.9463102076889086,1.792369165458194,1.0,0.05809300481843682,8.791873687437507,0.513367587170358,0.24543006131453785,0.8862586024832368,0.5976030350392474
"frozenset({'score_cat_Score_Faible', 'imd_band_cat_IMD_Faible', 'clicks_cat_Clicks_Faible'})","frozenset({'at_risk_À_Risque', 'disability_Non_Handicapé'})",0.1457368146534532,0.46792256005890837,0.12220415426625349,0.8385263157894737,1.792019422367472,1.0,0.054010610858779035,3.295134080469603,0.5173702219996887,0.24865776001997753,0.6965222125779215,0.5498447591012151
"frozenset({'disability_Non_Handicapé', 'clicks_cat_Clicks_Faible', 'gender_Féminin', 'score_cat_Score_Faible'})",frozenset({'at_risk_À_Risque'}),0.12226551713558126,0.527966127696131,0.11557696437885435,0.9452948557089084,1.7904460269712024,1.0,0.05102491274601656,8.628692573995028,0.5029766531173521,0.21617123837943306,0.8841075873981443,0.5821023325499447
"frozenset({'disability_Non_Handicapé', 'highest_education_Inférieur_A_Level', 'clicks_cat_Clicks_Faible'})",frozenset({'at_risk_À_Risque'}),0.13809713742214585,0.527966127696131,0.1305188230601663,0.9451233059320151,1.7901211012460583,1.0,0.05760821216947548,8.60171845846038,0.5120978180296978,0.24371240332283012,0.8837441605617269,0.5961669528265375
"frozenset({'highest_education_Inférieur_A_Level', 'clicks_cat_Clicks_Faible'})",frozenset({'at_risk_À_Risque'}),0.15816279569232658,0.527966127696131,0.14947994968244716,0.945101842870999,1.7900804489013522,1.0,0.06597535089517517,8.598355518467992,0.5242888848912209,0.2785432508147047,0.8836986912378596,0.6141129855917059
"frozenset({'imd_band_cat_IMD_Faible', 'clicks_cat_Clicks_Faible'})",frozenset({'at_risk_À_Risque'}),0.16709109317951706,0.527966127696131,0.15696621974043506,0.9394050679397724,1.7792904102371574,1.0,0.06874778230193203,7.789989298687498,0.5258416567512014,0.29170943094993723,0.8716301189054925,0.6183543238350652
"frozenset({'score_cat_Score_Faible', 'gender_Féminin', 'clicks_cat_Clicks_Faible'})","frozenset({'at_risk_À_Risque', 'disability_Non_Handicapé'})",0.13886417328874298,0.46792256005890837,0.11557696437885435,0.8323022536456032,1.7787179432870726,1.0,0.050599284913121864,3.1728359593852185,0.5083951955420413,0.23529044347282949,0.6848245504019803,0.5396512251770078
"frozenset({'disability_Non_Handicapé', 'imd_band_cat_IMD_Faible', 'clicks_cat_Clicks_Faible'})",frozenset({'at_risk_À_Risque'}),0.14506182309084772,0.527966127696131,0.13607216273432945,0.9380287648054145,1.7766836082811992,1.0,0.059484433720513374,7.616983441135466,0.5113277153031477,0.25341409062339293,0.8687144316738951,0.5978788640391555
"frozenset({'disability_Non_Handicapé', 'highest_education_Inférieur_A_Level', 'score_cat_Score_Faible'})","frozenset({'at_risk_À_Risque', 'clicks_cat_Clicks_Faible'})",0.21256097935139448,0.3109256588838094,0.11695762893872917,0.5502309468822171,1.7696543567921947,1.0,0.05086696638090904,1.5320625915445982,0.5523194669227713,0.2876981132075471,0.3472851530224899,0.46319520503771405
"frozenset({'score_cat_Score_Faible', 'highest_education_Inférieur_A_Level'})","frozenset({'at_risk_À_Risque', 'clicks_cat_Clicks_Faible'})",0.24373331696990153,0.3109256588838094,0.13370969226521032,0.5485901309164148,1.7643771597551519,1.0,0.057926750094407314,1.5264937439562234,0.5728505128013834,0.3176384839650146,0.3449039644222231,0.48931381422473597
frozenset({'clicks_cat_Clicks_Faible'}),"frozenset({'at_risk_À_Risque', 'disability_Non_Handicapé'})",0.3338753720123953,0.46792256005890837,0.2756113275856779,0.8254916375666238,1.7641629364113152,1.0,0.11938350877301748,3.0490082682669617,0.6502671054362824,0.5237900874635568,0.6720245037025123,0.7072510971257157
frozenset({'clicks_cat_Clicks_Faible'}),frozenset({'at_risk_À_Risque'}),0.3338753720123953,0.527966127696131,0.3109256588838094,0.9312626355449366,1.7638681473916853,1.0,0.13465077158931985,6.867209356164041,0.6501248886040775,0.5643795945644909,0.85438044070953,0.760087384718075
"frozenset({'highest_education_Inférieur_A_Level', 'clicks_cat_Clicks_Faible'})","frozenset({'at_risk_À_Risque', 'disability_Non_Handicapé'})",0.15816279569232658,0.46792256005890837,0.1305188230601663,0.8252182347235694,1.763578645619651,1.0,0.056510882793738754,3.0442388489415406,0.5143169386154288,0.2633729569093611,0.6715106633805383,0.55207538186903
"frozenset({'disability_Non_Handicapé', 'clicks_cat_Clicks_Faible'})",frozenset({'at_risk_À_Risque'}),0.29622925167980857,0.527966127696131,0.2756113275856779,0.9303987571206628,1.762231909044268,1.0,0.11921231666596677,6.781974757580132,0.6146004203384453,0.5024049217002239,0.8525503211461659,0.7262116984115634
"frozenset({'score_cat_Score_Faible', 'imd_band_cat_IMD_Faible'})","frozenset({'at_risk_À_Risque', 'clicks_cat_Clicks_Faible'})",0.25809222839259965,0.3109256588838094,0.14079710367256773,0.5455301949595815,1.7545357849139176,1.0,0.06054960750680806,1.5162158926155886,0.5796524700506979,0.3287955864440782,0.34046331734795143,0.49918112274128673
"frozenset({'disability_Non_Handicapé', 'imd_band_cat_IMD_Faible', 'score_cat_Score_Faible'})","frozenset({'at_risk_À_Risque', 'clicks_cat_Clicks_Faible'})",0.22452673887030958,0.3109256588838094,0.12220415426625349,0.544274391910358,1.7504968675285473,1.0,0.05239303004596946,1.5120377895916888,0.5528670638542192,0.29571608879649564,0.33864086804997096,0.46865387248961754
"frozenset({'disability_Non_Handicapé', 'gender_Féminin', 'score_cat_Score_Faible'})","frozenset({'at_risk_À_Risque', 'clicks_cat_Clicks_Faible'})",0.21286779369803333,0.3109256588838094,0.11557696437885435,0.542951859325454,1.7462433344182475,1.0,0.04939090536815054,1.5076624972135382,0.5429102251563845,0.2831266441187523,0.3367215793666023,0.4573354125914817
"frozenset({'score_cat_Score_Faible', 'gender_Féminin'})","frozenset({'at_risk_À_Risque', 'clicks_cat_Clicks_Faible'})",0.24232197097536282,0.3109256588838094,0.13140858466541896,0.5422891871359838,1.7441120462130573,1.0,0.05606446617788094,1.5054797084745986,0.5630918735540675,0.3115135646228817,0.33575989475591617,0.48246292788810247
"frozenset({'imd_band_cat_IMD_Faible', 'clicks_cat_Clicks_Faible'})","frozenset({'at_risk_À_Risque', 'disability_Non_Handicapé'})",0.16709109317951706,0.46792256005890837,0.13607216273432945,0.8143591626882115,1.7403716601860126,1.0,0.05788647065072823,2.8661659128775323,0.5107522371103353,0.27272168244988315,0.651101844625584,0.5525798829636717
"frozenset({'highest_education_A_Level', 'clicks_cat_Clicks_Faible'})",frozenset({'at_risk_À_Risque'}),0.1318994876200411,0.527966127696131,0.12048599392507593,0.9134682484298674,1.7301644944836512,1.0,0.050847532201219056,5.455036604931001,0.4861421785213569,0.2233788395904437,0.8166831732905212,0.5708380293753242
"frozenset({'disability_Non_Handicapé', 'highest_education_A_Level', 'clicks_cat_Clicks_Faible'})",frozenset({'at_risk_À_Risque'}),0.11625195594145982,0.527966127696131,0.10603503819838615,0.9121140142517815,1.7275994924749138,1.0,0.044657943182872376,5.370980006484565,0.47656358491876133,0.1970241149307337,0.8138142389670663,0.5564754171677317
"frozenset({'disability_Non_Handicapé', 'clicks_cat_Clicks_Faible', 'score_cat_Score_Faible'})","frozenset({'at_risk_À_Risque', 'gender_Masculin'})",0.2538581904089835,0.2951247200319087,0.12913815850029148,0.5087019579405367,1.7236846777373858,1.0,0.054218331128033245,1.4347203115512888,0.5626912740983127,0.30758550131540485,0.30300003983441776,0.47313671553332065
"frozenset({'highest_education_A_Level', 'clicks_cat_Clicks_Faible'})","frozenset({'at_risk_À_Risque', 'disability_Non_Handicapé'})",0.1318994876200411,0.46792256005890837,0.10603503819838615,0.8039078855547802,1.7180361755876303,1.0,0.04431629228075822,2.7134055922974536,0.48144203742646646,0.2147384118304958,0.6314594460781311,0.5152579884137418
"frozenset({'score_cat_Score_Faible', 'clicks_cat_Clicks_Faible'})","frozenset({'at_risk_À_Risque', 'gender_Masculin'})",0.28585892676341546,0.2951247200319087,0.1442947872242506,0.5047762155200172,1.710382700118923,1.0,0.05993075149457572,1.4233469838454067,0.5815875077927575,0.33042928405817457,0.2974306255960616,0.49685218926536256
"frozenset({'gender_Féminin', 'clicks_cat_Clicks_Faible'})",frozenset({'at_risk_À_Risque'}),0.17006719234191392,0.527966127696131,0.15267081888749118,0.8977088219375788,1.7003151809281443,1.0,0.06288110189857778,4.614609795732528,0.49627360312865904,0.27994374120956395,0.7832969537479043,0.5934383254271809
"frozenset({'disability_Non_Handicapé', 'gender_Féminin', 'clicks_cat_Clicks_Faible'})",frozenset({'at_risk_À_Risque'}),0.14984812689841376,0.527966127696131,0.13426195808916025,0.8959868959868961,1.6970537483089787,1.0,0.055147222788086286,4.538215417976571,0.4831412889099518,0.24700835403025517,0.7796490673318754,0.5751436107084643
"frozenset({'gender_Féminin', 'clicks_cat_Clicks_Faible'})","frozenset({'at_risk_À_Risque', 'disability_Non_Handicapé'})",0.17006719234191392,0.46792256005890837,0.13426195808916025,0.789464189067292,1.6871684685771586,1.0,0.05468368206650111,2.527253855692776,0.49075173100122654,0.2665367279814837,0.6043135921041545,0.538198096763008
frozenset({'score_cat_Score_Faible'}),"frozenset({'at_risk_À_Risque', 'clicks_cat_Clicks_Faible'})",0.5391341699137852,0.3109256588838094,0.27570337188966954,0.5113817436831323,1.6447074375236166,1.0,0.10807272488245023,1.4102509110288495,0.8505493451685631,0.4800213675213675,0.29090632583215326,0.699049861381728
"frozenset({'disability_Non_Handicapé', 'score_cat_Score_Faible'})","frozenset({'at_risk_À_Risque', 'clicks_cat_Clicks_Faible'})",0.4795508237965207,0.3109256588838094,0.24471512287914582,0.5103007037747921,1.6412305938555158,1.0,0.09561046702193904,1.407137699457285,0.7506998091486037,0.4483921744996626,0.28933749668871267,0.6486770935491288
"frozenset({'score_cat_Score_Faible', 'imd_band_cat_IMD_Faible', 'highest_education_Inférieur_A_Level'})",frozenset({'at_risk_À_Risque'}),0.12312459730617004,0.527966127696131,0.10275212468935048,0.8345377523050088,1.5806653278055063,1.0,0.0377465078254664,2.8528191710172095,0.4189363838802974,0.1873880931065354,0.649469545718372,0.5145782671334436
"frozenset({'gender_Masculin', 'score_cat_Score_Faible', 'highest_education_Inférieur_A_Level'})",frozenset({'at_risk_À_Risque'}),0.1307335931028135,0.527966127696131,0.10790660571288313,0.825393100211218,1.5633447998131236,1.0,0.03888369680258906,2.703409045546755,0.4145401687637999,0.19591131907308376,0.6300966730701482,0.5148873915746932
"frozenset({'score_cat_Score_Faible', 'imd_band_cat_IMD_Faible', 'gender_Masculin'})",frozenset({'at_risk_À_Risque'}),0.13306538213726873,0.527966127696131,0.10904181879544687,0.8194604565367766,1.5521080113844234,1.0,0.03878780425802718,2.6145733131313915,0.41031345935321795,0.1975432160524707,0.6175284146833383,0.5129961510949805
"frozenset({'score_cat_Score_Faible', 'highest_education_Inférieur_A_Level'})",frozenset({'at_risk_À_Risque'}),0.24373331696990153,0.527966127696131,0.1968827662381493,0.8077794561933535,1.5299834853387941,1.0,0.06819983068701668,2.455688985973762,0.45803706763862245,0.34251401120896713,0.5927823084634364,0.5903437029920742
"frozenset({'disability_Non_Handicapé', 'highest_education_Inférieur_A_Level', 'score_cat_Score_Faible'})",frozenset({'at_risk_À_Risque'}),0.21256097935139448,0.527966127696131,0.1708649096431749,0.8038394919168591,1.5225209530477795,1.0,0.058639912475721895,2.4063654652841824,0.4358364015657212,0.29994075510313994,0.5844355255148644,0.5637340183898568
"frozenset({'score_cat_Score_Faible', 'imd_band_cat_IMD_Faible'})",frozenset({'at_risk_À_Risque'}),0.25809222839259965,0.527966127696131,0.20525879790138987,0.7952924393723252,1.5063323149966408,1.0,0.06899484348848359,2.3058936897910245,0.45306960974251925,0.3534072900158479,0.5663286627534738,0.5920325516247957
"frozenset({'score_cat_Score_Faible', 'gender_Masculin'})","frozenset({'at_risk_À_Risque', 'disability_Non_Handicapé'})",0.29681219893842237,0.46792256005890837,0.20854171141042555,0.7026049204052098,1.5015410249011214,1.0,0.06965658742644495,1.789126574205812,0.4750047282892886,0.37494483671668133,0.4410680527486451,0.574140306901182
"frozenset({'score_cat_Score_Faible', 'highest_education_Inférieur_A_Level'})","frozenset({'at_risk_À_Risque', 'disability_Non_Handicapé'})",0.24373331696990153,0.46792256005890837,0.1708649096431749,0.7010322255790533,1.498180009723827,1.0,0.05681659199496922,1.7797150243755921,0.4396907514161787,0.31595370475434015,0.43811228971849175,0.5330943043835205
"frozenset({'disability_Non_Handicapé', 'imd_band_cat_IMD_Faible', 'score_cat_Score_Faible'})",frozenset({'at_risk_À_Risque'}),0.22452673887030958,0.527966127696131,0.1770318780106158,0.7884667942060672,1.4934041273569474,1.0,0.05848936512501805,2.231488292971391,0.4260480708737682,0.30763489016847945,0.5518685878165973,0.5618879763684916
"frozenset({'score_cat_Score_Faible', 'gender_Masculin'})",frozenset({'at_risk_À_Risque'}),0.29681219893842237,0.527966127696131,0.23330162918418065,0.7860243952863345,1.4887780750562238,1.0,0.07659484185768808,2.2060172370375013,0.46688554084727035,0.39443925718435524,0.5466943851522588,0.613955944737542
"frozenset({'score_cat_Score_Faible', 'gender_Masculin', 'disability_Non_Handicapé'})",frozenset({'at_risk_À_Risque'}),0.26668303009848743,0.527966127696131,0.20854171141042555,0.7819834330418775,1.481124246462919,1.0,0.06774210468705638,2.165128452804869,0.44296969642017453,0.3558079882740931,0.538133638812734,0.5884870675204739
"frozenset({'score_cat_Score_Faible', 'imd_band_cat_IMD_Faible'})","frozenset({'at_risk_À_Risque', 'disability_Non_Handicapé'})",0.25809222839259965,0.46792256005890837,0.1770318780106158,0.685924869234427,1.4658939914076243,1.0,0.05626470176984208,1.694108790607291,0.42838536378985265,0.32247247526965855,0.40971913637168017,0.5321303580320715
frozenset({'score_cat_Score_Faible'}),frozenset({'at_risk_À_Risque'}),0.5391341699137852,0.527966127696131,0.4129107477065628,0.7658775324379695,1.4506186898390714,1.0,0.12826616770851368,2.0161835693056847,0.6740334077691739,0.6311790638776851,0.5040134166233826,0.77397781782289
frozenset({'score_cat_Score_Faible'}),"frozenset({'at_risk_À_Risque', 'disability_Non_Handicapé'})",0.5391341699137852,0.46792256005890837,0.3653852054122051,0.6777259276121103,1.448371986011508,1.0,0.11311216441091226,1.6510091426178466,0.6717131409426753,0.5694271779669121,0.3943098350052767,0.7292963780084025
"frozenset({'disability_Non_Handicapé', 'score_cat_Score_Faible'})",frozenset({'at_risk_À_Risque'}),0.4795508237965207,0.527966127696131,0.3653852054122051,0.7619321817018555,1.4431459552654915,1.0,0.11219861393886643,1.982770605780563,0.5900084176529651,0.5690190644560181,0.49565522250299493,0.7269970067040193
"frozenset({'score_cat_Score_Faible', 'imd_band_cat_IMD_Moyen'})","frozenset({'at_risk_À_Risque', 'disability_Non_Handicapé'})",0.16227410793728714,0.46792256005890837,0.10812137575553032,0.6662885233503498,1.4239290434435743,1.0,0.0321896597382393,1.5944235579877815,0.35538810219521866,0.20709920075223323,0.37281408381720393,0.4486776693205752
"frozenset({'score_cat_Score_Faible', 'imd_band_cat_IMD_Moyen'})",frozenset({'at_risk_À_Risque'}),0.16227410793728714,0.527966127696131,0.12094621544503421,0.7453204764605786,1.4116823738540005,1.0,0.035270983052040725,1.8534425765517177,0.34811548511131907,0.21244947453516577,0.4604634572167462,0.4871999871842642
"frozenset({'disability_Non_Handicapé', 'imd_band_cat_IMD_Moyen', 'score_cat_Score_Faible'})",frozenset({'at_risk_À_Risque'}),0.145522044610806,0.527966127696131,0.10812137575553032,0.7429896689858738,1.4072676825462915,1.0,0.03129066536793944,1.8366338444111974,0.3386899985123808,0.19124111358332885,0.4555256601401746,0.47388906973236045
"frozenset({'score_cat_Score_Faible', 'gender_Féminin'})",frozenset({'at_risk_À_Risque'}),0.24232197097536282,0.527966127696131,0.1796091185223821,0.7412003038743985,1.4038785160494114,1.0,0.05167132585082554,1.8239351876007612,0.3796964442107618,0.3040723041761895,0.4517349043989776,0.5406954564467297
"frozenset({'disability_Non_Handicapé', 'gender_Féminin', 'score_cat_Score_Faible'})",frozenset({'at_risk_À_Risque'}),0.21286779369803333,0.527966127696131,0.15684349400177952,0.7368117613144999,1.3955663491703565,1.0,0.04445650925180998,1.7935219091151386,0.3600983801856158,0.26857202900073557,0.44243781192872894,0.5169414455108065
"frozenset({'score_cat_Score_Faible', 'highest_education_A_Level'})",frozenset({'at_risk_À_Risque'}),0.21903476206547418,0.527966127696131,0.16000368177215968,0.7304944670121867,1.383601009026511,1.0,0.044360746613607865,1.7514811925038054,0.35500720529753055,0.27257997072966766,0.4290546742494768,0.5167755924089292
"frozenset({'score_cat_Score_Faible', 'gender_Féminin'})","frozenset({'at_risk_À_Risque', 'disability_Non_Handicapé'})",0.24232197097536282,0.46792256005890837,0.15684349400177952,0.6472524689794884,1.3832469819322317,1.0,0.04345557698446727,1.5083803376363034,0.36567419861908396,0.28341741974829515,0.33703723454321677,0.49122180199351445
"frozenset({'score_cat_Score_Faible', 'highest_education_A_Level', 'disability_Non_Handicapé'})",frozenset({'at_risk_À_Risque'}),0.19399871137974412,0.527966127696131,0.14110391801920658,0.7273446148979914,1.3776349972902275,1.0,0.03867916959400372,1.731247201030953,0.3400966331122612,0.24292203676315233,0.4223817376256246,0.49730201456196643
"frozenset({'score_cat_Score_Faible', 'highest_education_A_Level'})","frozenset({'at_risk_À_Risque', 'disability_Non_Handicapé'})",0.21903476206547418,0.46792256005890837,0.14110391801920658,0.6442078722510155,1.376740356716107,1.0,0.038612611411636036,1.4954727731257689,0.3503954018037442,0.2585014895171716,0.3313151412915089,0.472880934355132
"frozenset({'imd_band_cat_IMD_Faible', 'highest_education_Inférieur_A_Level'})","frozenset({'at_risk_À_Risque', 'score_cat_Score_Faible'})",0.19148283373730557,0.4129107477065628,0.10275212468935048,0.536612722320141,1.2995852621920312,1.0,0.02368680463790819,1.266951598742511,0.2851191725846626,0.20483180428134556,0.21070386509434835,0.39273049550395517
"frozenset({'imd_band_cat_IMD_Faible', 'highest_education_Inférieur_A_Level'})",frozenset({'at_risk_À_Risque'}),0.19148283373730557,0.527966127696131,0.12702113950848343,0.6633552315334081,1.2564352081222903,1.0,0.02592468925991613,1.4021720119221543,0.25243426783875833,0.21440778911388472,0.2868207384704824,0.45197050279599277
"frozenset({'disability_Non_Handicapé', 'imd_band_cat_IMD_Faible', 'highest_education_Inférieur_A_Level'})",frozenset({'at_risk_À_Risque'}),0.16445248979842297,0.527966127696131,0.10726229558494155,0.6522388059701493,1.2353800210939723,1.0,0.020436951356080674,1.3573506199295804,0.22803309116236603,0.18330536912751677,0.26327067942704424,0.4277000631431407
"frozenset({'gender_Masculin', 'highest_education_Inférieur_A_Level'})","frozenset({'at_risk_À_Risque', 'score_cat_Score_Faible'})",0.21157917344215016,0.4129107477065628,0.10790660571288313,0.5100058004640371,1.2351477971856413,1.0,0.020543291007748377,1.1981555145947154,0.24147039841142498,0.2088851933242264,0.16538380217007373,0.3856686752357338
"frozenset({'score_cat_Score_Faible', 'clicks_cat_Clicks_Moyen'})",frozenset({'at_risk_À_Risque'}),0.15945141594820975,0.527966127696131,0.10367256772926702,0.650182797767943,1.231485816344175,1.0,0.019487621095425595,1.349372956195383,0.2236310746885063,0.17759907495006833,0.25891504242122626,0.42327247745207935
"frozenset({'imd_band_cat_IMD_Faible', 'highest_education_Inférieur_A_Level'})","frozenset({'at_risk_À_Risque', 'disability_Non_Handicapé'})",0.19148283373730557,0.46792256005890837,0.10726229558494155,0.5601666399615446,1.197135354813889,1.0,0.017663157815247216,1.2097250647258115,0.20367232297054888,0.1942653923094021,0.17336589183869347,0.3946987550342114
"frozenset({'gender_Masculin', 'highest_education_Inférieur_A_Level'})",frozenset({'at_risk_À_Risque'}),0.21157917344215016,0.527966127696131,0.13300401926794098,0.6286252900232019,1.1906545837823233,1.0,0.02129738236454086,1.2710447416663337,0.20309693765499537,0.21928271536243618,0.2132456339113565,0.4402715013574866
"frozenset({'gender_Masculin', 'highest_education_Inférieur_A_Level'})","frozenset({'at_risk_À_Risque', 'disability_Non_Handicapé'})",0.21157917344215016,0.46792256005890837,0.11646672598410701,0.5504640371229698,1.1763998663660713,1.0,0.01746405749190831,1.183614847043151,0.19018891349225725,0.20685521225001363,0.15513057098079536,0.3996828742430795
"frozenset({'gender_Masculin', 'disability_Non_Handicapé', 'highest_education_Inférieur_A_Level'})",frozenset({'at_risk_À_Risque'}),0.1889362746602031,0.527966127696131,0.11646672598410701,0.616433907112699,1.1675633620713737,1.0,0.016714772670426925,1.2306454638641935,0.17694717324618528,0.19397036280020438,0.1874182862869157,0.4185144895861031
frozenset({'highest_education_Inférieur_A_Level'}),frozenset({'at_risk_À_Risque'}),0.4037063173073973,0.527966127696131,0.24686282330561776,0.6114911080711354,1.1582013996607692,1.0,0.033719562230365624,1.214988593852564,0.22906884590348475,0.360483870967742,0.17694700587341672,0.5395321649142288
"frozenset({'imd_band_cat_IMD_Faible', 'gender_Masculin'})",frozenset({'at_risk_À_Risque'}),0.2200165679747185,0.527966127696131,0.13441536526247969,0.6109329242783433,1.1571441655627641,1.0,0.01825406983987496,1.2132454832584387,0.1741106807345378,0.21907190719071912,0.1757644979528141,0.4327619061187161
"frozenset({'imd_band_cat_IMD_Faible', 'gender_Masculin'})","frozenset({'at_risk_À_Risque', 'disability_Non_Handicapé'})",0.2200165679747185,0.46792256005890837,0.11744853189335133,0.533816761957886,1.14082287866326,1.0,0.01449781615124622,1.141348286514379,0.15825943753865263,0.20587286221361728,0.12384325467035963,0.39240834819420756
"frozenset({'disability_Non_Handicapé', 'highest_education_Inférieur_A_Level'})",frozenset({'at_risk_À_Risque'}),0.35608873070904795,0.527966127696131,0.21440186543122755,0.6021023608478373,1.140418540627241,1.0,0.026399077162541112,1.1863198618360118,0.1912203724992457,0.3201686062494272,0.1570570196368906,0.5040962757284282
frozenset({'highest_education_Inférieur_A_Level'}),"frozenset({'at_risk_À_Risque', 'disability_Non_Handicapé'})",0.4037063173073973,0.46792256005890837,0.21440186543122755,0.5310837513299893,1.1349821458985208,1.0,0.02549857192479621,1.134696102875994,0.19944680792785408,0.326221931749218,0.11870676433504446,0.4946416068301641
"frozenset({'disability_Non_Handicapé', 'imd_band_cat_IMD_Faible', 'gender_Masculin'})",frozenset({'at_risk_À_Risque'}),0.19620777467554382,0.527966127696131,0.11744853189335133,0.5985926505082095,1.1337709354959364,1.0,0.013857472874029456,1.1759472588170012,0.1467887065010826,0.1935777496839444,0.1496217262277591,0.4105236613768384
frozenset({'imd_band_cat_IMD_Faible'}),frozenset({'at_risk_À_Risque'}),0.43015371398766605,0.527966127696131,0.2561592980087749,0.5955064194008559,1.1279254258212517,1.0,0.02905270732059778,1.1669749408746681,0.19903010058744244,0.3649197954456052,0.14308357020033133,0.5403438652094935
"frozenset({'gender_Féminin', 'highest_education_Inférieur_A_Level'})",frozenset({'at_risk_À_Risque'}),0.19212714386524715,0.527966127696131,0.1138588040376768,0.5926221654423507,1.122462473167279,1.0,0.012422179865824778,1.1587127041814298,0.1350480069245925,0.18781314843868618,0.13697330115453601,0.40413883725395083
"frozenset({'disability_Non_Handicapé', 'imd_band_cat_IMD_Faible'})",frozenset({'at_risk_À_Risque'}),0.37919185101095326,0.527966127696131,0.22155063970791275,0.5842705720527551,1.1066440466594287,1.0,0.021350186475731503,1.1354353109777184,0.1552284264959962,0.3231450818938513,0.11928051705657773,0.5019504882578978
frozenset({'imd_band_cat_IMD_Faible'}),"frozenset({'at_risk_À_Risque', 'disability_Non_Handicapé'})",0.43015371398766605,0.46792256005890837,0.22155063970791275,0.5150499286733239,1.1007161710871185,1.0,0.020272012639956594,1.0971798364427279,0.1605706398149723,0.3274829931972789,0.08857238641734777,0.49426353885636554
"frozenset({'gender_Féminin', 'imd_band_cat_IMD_Faible'})",frozenset({'at_risk_À_Risque'}),0.21013714601294756,0.527966127696131,0.12174393274629522,0.5793546503139144,1.0973329914970602,1.0,0.010798637480722809,1.1221659116310998,0.11229746298542478,0.19752103141022453,0.108866175994892,0.40497253668647837
"frozenset({'disability_Non_Handicapé', 'gender_Féminin', 'imd_band_cat_IMD_Faible'})",frozenset({'at_risk_À_Risque'}),0.18298407633540945,0.527966127696131,0.1041021078145614,0.5689134808853118,1.0775567807121669,1.0,0.0074927136017020335,1.0949863922288112,0.0880945595600736,0.17154557864401637,0.08674664169613051,0.3830446065514425
frozenset({'gender_Masculin'}),frozenset({'at_risk_À_Risque'}),0.5484306446169422,0.527966127696131,0.2951247200319087,0.5381258741258742,1.0192431784858564,1.0,0.005571916283608702,1.0219967862683697,0.04180945752140125,0.37774897895067544,0.0215233419164523,0.5485550337621468
"frozenset({'disability_Non_Handicapé', 'gender_Masculin'})",frozenset({'at_risk_À_Risque'}),0.5010891909305679,0.527966127696131,0.2642898781947044,0.5274308106784228,0.9989860769666338,1.0,-0.00026824157129479165,0.9988672198065287,-0.0020302056735123346,0.3455829254593598,-0.0011340648396597518,0.5140059678682677
frozenset({'disability_Non_Handicapé'}),frozenset({'at_risk_À_Risque'}),0.9029239407234683,0.527966127696131,0.46792256005890837,0.518230317034218,0.9815597816769099,1.0,-0.00879069652899217,0.9797915663725885,-0.16214577256194948,0.48591728796278594,-0.020625237367808472,0.7022520715808003
frozenset({'gender_Féminin'}),frozenset({'at_risk_À_Risque'}),0.4515693553830577,0.527966127696131,0.23284140766422237,0.5156271232504416,0.9766291741109742,1.0,-0.005571916283608647,0.9745258146399695,-0.04180945752140084,0.311829724288121,-0.026140082671326417,0.47832146492601113
"frozenset({'disability_Non_Handicapé', 'gender_Féminin'})",frozenset({'at_risk_À_Risque'}),0.4018347497929003,0.527966127696131,0.20363268186420397,0.5067572726578606,0.959829136897818,1.0,-0.008522454957697295,0.9570011804278286,-0.06539213057065069,0.2804208213621768,-0.04493079052728941,0.4462249868635654
